{"_version":"1.5.0","_beatsPerMinute":105.08533477783203,"_beatsPerBar":16,"_noteJumpSpeed":10,"_shuffle":0,"_shufflePeriod":0.5,"_events":[{"_time":23,"_type":4,"_value":0},{"_time":32,"_type":0,"_value":0}],"_notes":[{"_time":0,"_lineIndex":3,"_lineLayer":0,"_type":0,"_cutDirection":7},{"_time":0,"_lineIndex":0,"_lineLayer":0,"_type":0,"_cutDirection":6},{"_time":12,"_lineIndex":3,"_lineLayer":0,"_type":1,"_cutDirection":7},{"_time":12,"_lineIndex":0,"_lineLayer":0,"_type":1,"_cutDirection":6},{"_time":18,"_lineIndex":0,"_lineLayer":0,"_type":1,"_cutDirection":6},{"_time":18,"_lineIndex":3,"_lineLayer":0,"_type":1,"_cutDirection":7},{"_time":18,"_lineIndex":1,"_lineLayer":0,"_type":0,"_cutDirection":8},{"_time":18,"_lineIndex":2,"_lineLayer":0,"_type":0,"_cutDirection":8},{"_time":18,"_lineIndex":2,"_lineLayer":1,"_type":0,"_cutDirection":8},{"_time":18,"_lineIndex":1,"_lineLayer":1,"_type":0,"_cutDirection":8},{"_time":25,"_lineIndex":3,"_lineLayer":2,"_type":1,"_cutDirection":5},{"_time":25,"_lineIndex":0,"_lineLayer":2,"_type":0,"_cutDirection":4},{"_time":27,"_lineIndex":0,"_lineLayer":1,"_type":1,"_cutDirection":2},{"_time":27,"_lineIndex":0,"_lineLayer":0,"_type":0,"_cutDirection":2},{"_time":27,"_lineIndex":3,"_lineLayer":1,"_type":0,"_cutDirection":3},{"_time":27,"_lineIndex":3,"_lineLayer":0,"_type":1,"_cutDirection":3},{"_time":30,"_lineIndex":0,"_lineLayer":0,"_type":0,"_cutDirection":6},{"_time":30,"_lineIndex":3,"_lineLayer":0,"_type":0,"_cutDirection":7},{"_time":31,"_lineIndex":3,"_lineLayer":0,"_type":0,"_cutDirection":7},{"_time":31,"_lineIndex":0,"_lineLayer":0,"_type":1,"_cutDirection":6},{"_time":32,"_lineIndex":0,"_lineLayer":0,"_type":3,"_cutDirection":7},{"_time":32,"_lineIndex":3,"_lineLayer":0,"_type":3,"_cutDirection":7},{"_time":33,"_lineIndex":3,"_lineLayer":0,"_type":3,"_cutDirection":3},{"_time":33,"_lineIndex":0,"_lineLayer":0,"_type":3,"_cutDirection":1},{"_time":34,"_lineIndex":3,"_lineLayer":0,"_type":1,"_cutDirection":7},{"_time":34,"_lineIndex":0,"_lineLayer":0,"_type":0,"_cutDirection":6},{"_time":35,"_lineIndex":3,"_lineLayer":1,"_type":0,"_cutDirection":8},{"_time":35,"_lineIndex":0,"_lineLayer":1,"_type":0,"_cutDirection":8},{"_time":37,"_lineIndex":2,"_lineLayer":0,"_type":0,"_cutDirection":0},{"_time":37,"_lineIndex":1,"_lineLayer":0,"_type":1,"_cutDirection":0},{"_time":39,"_lineIndex":3,"_lineLayer":0,"_type":1,"_cutDirection":7},{"_time":39,"_lineIndex":0,"_lineLayer":0,"_type":0,"_cutDirection":6},{"_time":41,"_lineIndex":2,"_lineLayer":0,"_type":0,"_cutDirection":1},{"_time":41,"_lineIndex":0,"_lineLayer":2,"_type":0,"_cutDirection":4},{"_time":41,"_lineIndex":3,"_lineLayer":2,"_type":0,"_cutDirection":5},{"_time":41,"_lineIndex":1,"_lineLayer":0,"_type":1,"_cutDirection":1},{"_time":42,"_lineIndex":2,"_lineLayer":2,"_type":0,"_cutDirection":0},{"_time":42,"_lineIndex":1,"_lineLayer":2,"_type":1,"_cutDirection":0},{"_time":44,"_lineIndex":0,"_lineLayer":0,"_type":0,"_cutDirection":0},{"_time":44,"_lineIndex":3,"_lineLayer":0,"_type":1,"_cutDirection":0},{"_time":46,"_lineIndex":2,"_lineLayer":2,"_type":0,"_cutDirection":0},{"_time":48,"_lineIndex":2,"_lineLayer":0,"_type":0,"_cutDirection":8},{"_time":49,"_lineIndex":0,"_lineLayer":0,"_type":1,"_cutDirection":6},{"_time":52,"_lineIndex":0,"_lineLayer":0,"_type":1,"_cutDirection":6},{"_time":52,"_lineIndex":3,"_lineLayer":0,"_type":0,"_cutDirection":7},{"_time":53,"_lineIndex":1,"_lineLayer":2,"_type":0,"_cutDirection":0},{"_time":53,"_lineIndex":2,"_lineLayer":2,"_type":1,"_cutDirection":0},{"_time":55,"_lineIndex":1,"_lineLayer":0,"_type":1,"_cutDirection":1},{"_time":55,"_lineIndex":2,"_lineLayer":0,"_type":0,"_cutDirection":1},{"_time":59,"_lineIndex":2,"_lineLayer":0,"_type":0,"_cutDirection":1},{"_time":59,"_lineIndex":1,"_lineLayer":0,"_type":1,"_cutDirection":1},{"_time":62,"_lineIndex":1,"_lineLayer":0,"_type":0,"_cutDirection":1},{"_time":66,"_lineIndex":1,"_lineLayer":0,"_type":0,"_cutDirection":1},{"_time":69,"_lineIndex":1,"_lineLayer":0,"_type":0,"_cutDirection":1},{"_time":73,"_lineIndex":1,"_lineLayer":0,"_type":0,"_cutDirection":1},{"_time":76,"_lineIndex":1,"_lineLayer":0,"_type":0,"_cutDirection":1},{"_time":77,"_lineIndex":1,"_lineLayer":0,"_type":0,"_cutDirection":1},{"_time":79,"_lineIndex":1,"_lineLayer":0,"_type":0,"_cutDirection":1},{"_time":80,"_lineIndex":1,"_lineLayer":0,"_type":0,"_cutDirection":1},{"_time":82,"_lineIndex":1,"_lineLayer":0,"_type":0,"_cutDirection":1},{"_time":87,"_lineIndex":1,"_lineLayer":0,"_type":0,"_cutDirection":1},{"_time":89,"_lineIndex":1,"_lineLayer":0,"_type":0,"_cutDirection":1},{"_time":90,"_lineIndex":1,"_lineLayer":0,"_type":0,"_cutDirection":1},{"_time":92,"_lineIndex":1,"_lineLayer":0,"_type":0,"_cutDirection":1},{"_time":94,"_lineIndex":1,"_lineLayer":0,"_type":0,"_cutDirection":1},{"_time":95,"_lineIndex":1,"_lineLayer":0,"_type":0,"_cutDirection":1},{"_time":97,"_lineIndex":1,"_lineLayer":0,"_type":0,"_cutDirection":1},{"_time":99,"_lineIndex":1,"_lineLayer":0,"_type":0,"_cutDirection":1},{"_time":101,"_lineIndex":1,"_lineLayer":0,"_type":0,"_cutDirection":1},{"_time":102,"_lineIndex":1,"_lineLayer":0,"_type":0,"_cutDirection":1},{"_time":103,"_lineIndex":1,"_lineLayer":0,"_type":0,"_cutDirection":1},{"_time":104,"_lineIndex":1,"_lineLayer":0,"_type":0,"_cutDirection":1},{"_time":105,"_lineIndex":1,"_lineLayer":0,"_type":0,"_cutDirection":1},{"_time":106,"_lineIndex":1,"_lineLayer":0,"_type":0,"_cutDirection":1},{"_time":107,"_lineIndex":1,"_lineLayer":0,"_type":0,"_cutDirection":1},{"_time":108,"_lineIndex":1,"_lineLayer":0,"_type":0,"_cutDirection":1},{"_time":109,"_lineIndex":1,"_lineLayer":0,"_type":0,"_cutDirection":1},{"_time":110,"_lineIndex":1,"_lineLayer":0,"_type":0,"_cutDirection":1},{"_time":111,"_lineIndex":1,"_lineLayer":0,"_type":0,"_cutDirection":1},{"_time":112,"_lineIndex":1,"_lineLayer":0,"_type":0,"_cutDirection":1},{"_time":114,"_lineIndex":1,"_lineLayer":0,"_type":0,"_cutDirection":1},{"_time":115,"_lineIndex":1,"_lineLayer":0,"_type":0,"_cutDirection":1},{"_time":116,"_lineIndex":1,"_lineLayer":0,"_type":0,"_cutDirection":1},{"_time":117,"_lineIndex":1,"_lineLayer":0,"_type":0,"_cutDirection":1},{"_time":118,"_lineIndex":1,"_lineLayer":0,"_type":0,"_cutDirection":1},{"_time":119,"_lineIndex":1,"_lineLayer":0,"_type":0,"_cutDirection":1},{"_time":120,"_lineIndex":1,"_lineLayer":0,"_type":0,"_cutDirection":1},{"_time":122,"_lineIndex":1,"_lineLayer":0,"_type":0,"_cutDirection":1},{"_time":124,"_lineIndex":1,"_lineLayer":0,"_type":0,"_cutDirection":1},{"_time":125,"_lineIndex":2,"_lineLayer":0,"_type":0,"_cutDirection":1},{"_time":126,"_lineIndex":1,"_lineLayer":0,"_type":0,"_cutDirection":1},{"_time":128,"_lineIndex":2,"_lineLayer":0,"_type":0,"_cutDirection":1},{"_time":129,"_lineIndex":2,"_lineLayer":1,"_type":0,"_cutDirection":1},{"_time":129,"_lineIndex":1,"_lineLayer":1,"_type":0,"_cutDirection":1},{"_time":130,"_lineIndex":2,"_lineLayer":1,"_type":0,"_cutDirection":1},{"_time":130,"_lineIndex":1,"_lineLayer":1,"_type":0,"_cutDirection":1},{"_time":131,"_lineIndex":2,"_lineLayer":1,"_type":0,"_cutDirection":1},{"_time":131,"_lineIndex":1,"_lineLayer":0,"_type":0,"_cutDirection":1},{"_time":132,"_lineIndex":2,"_lineLayer":0,"_type":0,"_cutDirection":1},{"_time":132,"_lineIndex":1,"_lineLayer":1,"_type":0,"_cutDirection":1},{"_time":133,"_lineIndex":2,"_lineLayer":1,"_type":0,"_cutDirection":1},{"_time":133,"_lineIndex":1,"_lineLayer":0,"_type":0,"_cutDirection":1},{"_time":135,"_lineIndex":2,"_lineLayer":0,"_type":0,"_cutDirection":1},{"_time":135,"_lineIndex":1,"_lineLayer":0,"_type":0,"_cutDirection":1},{"_time":136,"_lineIndex":2,"_lineLayer":1,"_type":0,"_cutDirection":1},{"_time":136,"_lineIndex":1,"_lineLayer":0,"_type":0,"_cutDirection":1},{"_time":137,"_lineIndex":2,"_lineLayer":0,"_type":0,"_cutDirection":1},{"_time":138,"_lineIndex":1,"_lineLayer":0,"_type":0,"_cutDirection":1},{"_time":139,"_lineIndex":2,"_lineLayer":0,"_type":0,"_cutDirection":1},{"_time":140,"_lineIndex":2,"_lineLayer":0,"_type":0,"_cutDirection":1},{"_time":141,"_lineIndex":2,"_lineLayer":0,"_type":0,"_cutDirection":1},{"_time":141,"_lineIndex":1,"_lineLayer":0,"_type":0,"_cutDirection":1},{"_time":142,"_lineIndex":2,"_lineLayer":0,"_type":0,"_cutDirection":1},{"_time":142,"_lineIndex":1,"_lineLayer":0,"_type":0,"_cutDirection":1},{"_time":143,"_lineIndex":2,"_lineLayer":0,"_type":0,"_cutDirection":1},{"_time":143,"_lineIndex":1,"_lineLayer":0,"_type":0,"_cutDirection":1},{"_time":144,"_lineIndex":2,"_lineLayer":0,"_type":0,"_cutDirection":1},{"_time":144,"_lineIndex":1,"_lineLayer":0,"_type":0,"_cutDirection":1},{"_time":145,"_lineIndex":2,"_lineLayer":0,"_type":0,"_cutDirection":1},{"_time":145,"_lineIndex":1,"_lineLayer":0,"_type":0,"_cutDirection":1},{"_time":146,"_lineIndex":2,"_lineLayer":0,"_type":0,"_cutDirection":1},{"_time":147,"_lineIndex":1,"_lineLayer":0,"_type":0,"_cutDirection":1},{"_time":147,"_lineIndex":2,"_lineLayer":0,"_type":0,"_cutDirection":1},{"_time":148,"_lineIndex":1,"_lineLayer":1,"_type":0,"_cutDirection":1},{"_time":148,"_lineIndex":2,"_lineLayer":0,"_type":0,"_cutDirection":1},{"_time":148,"_lineIndex":2,"_lineLayer":1,"_type":0,"_cutDirection":1},{"_time":149,"_lineIndex":2,"_lineLayer":0,"_type":0,"_cutDirection":1},{"_time":149,"_lineIndex":2,"_lineLayer":1,"_type":0,"_cutDirection":1},{"_time":150,"_lineIndex":1,"_lineLayer":0,"_type":0,"_cutDirection":1},{"_time":150,"_lineIndex":2,"_lineLayer":0,"_type":0,"_cutDirection":1},{"_time":151,"_lineIndex":1,"_lineLayer":0,"_type":0,"_cutDirection":1},{"_time":152,"_lineIndex":1,"_lineLayer":0,"_type":0,"_cutDirection":1},{"_time":152,"_lineIndex":2,"_lineLayer":0,"_type":0,"_cutDirection":1},{"_time":153,"_lineIndex":2,"_lineLayer":0,"_type":0,"_cutDirection":1},{"_time":154,"_lineIndex":2,"_lineLayer":0,"_type":0,"_cutDirection":1},{"_time":154,"_lineIndex":1,"_lineLayer":0,"_type":0,"_cutDirection":1},{"_time":155,"_lineIndex":2,"_lineLayer":1,"_type":0,"_cutDirection":1},{"_time":156,"_lineIndex":1,"_lineLayer":0,"_type":0,"_cutDirection":1},{"_time":157,"_lineIndex":1,"_lineLayer":0,"_type":0,"_cutDirection":1},{"_time":157,"_lineIndex":2,"_lineLayer":0,"_type":0,"_cutDirection":1},{"_time":158,"_lineIndex":1,"_lineLayer":0,"_type":0,"_cutDirection":1},{"_time":159,"_lineIndex":1,"_lineLayer":0,"_type":0,"_cutDirection":1},{"_time":159,"_lineIndex":2,"_lineLayer":0,"_type":0,"_cutDirection":1},{"_time":160,"_lineIndex":2,"_lineLayer":0,"_type":0,"_cutDirection":1},{"_time":161,"_lineIndex":2,"_lineLayer":0,"_type":0,"_cutDirection":1},{"_time":161,"_lineIndex":1,"_lineLayer":1,"_type":0,"_cutDirection":1},{"_time":162,"_lineIndex":2,"_lineLayer":0,"_type":0,"_cutDirection":1},{"_time":163,"_lineIndex":1,"_lineLayer":0,"_type":0,"_cutDirection":1},{"_time":163,"_lineIndex":2,"_lineLayer":0,"_type":0,"_cutDirection":1},{"_time":164,"_lineIndex":1,"_lineLayer":0,"_type":0,"_cutDirection":1},{"_time":166,"_lineIndex":1,"_lineLayer":0,"_type":0,"_cutDirection":1},{"_time":166,"_lineIndex":2,"_lineLayer":0,"_type":0,"_cutDirection":1},{"_time":167,"_lineIndex":2,"_lineLayer":0,"_type":0,"_cutDirection":1},{"_time":168,"_lineIndex":2,"_lineLayer":0,"_type":0,"_cutDirection":1},{"_time":169,"_lineIndex":2,"_lineLayer":0,"_type":0,"_cutDirection":1},{"_time":170,"_lineIndex":2,"_lineLayer":0,"_type":0,"_cutDirection":1},{"_time":171,"_lineIndex":2,"_lineLayer":0,"_type":0,"_cutDirection":1},{"_time":172,"_lineIndex":2,"_lineLayer":0,"_type":0,"_cutDirection":1},{"_time":173,"_lineIndex":2,"_lineLayer":0,"_type":0,"_cutDirection":1},{"_time":174,"_lineIndex":2,"_lineLayer":0,"_type":0,"_cutDirection":1},{"_time":175,"_lineIndex":2,"_lineLayer":0,"_type":0,"_cutDirection":1},{"_time":176,"_lineIndex":2,"_lineLayer":0,"_type":0,"_cutDirection":1},{"_time":177,"_lineIndex":2,"_lineLayer":0,"_type":0,"_cutDirection":1},{"_time":178,"_lineIndex":2,"_lineLayer":0,"_type":0,"_cutDirection":1},{"_time":179,"_lineIndex":1,"_lineLayer":0,"_type":0,"_cutDirection":1},{"_time":179,"_lineIndex":2,"_lineLayer":0,"_type":0,"_cutDirection":1},{"_time":180,"_lineIndex":1,"_lineLayer":0,"_type":0,"_cutDirection":1},{"_time":181,"_lineIndex":2,"_lineLayer":0,"_type":0,"_cutDirection":1},{"_time":182,"_lineIndex":1,"_lineLayer":0,"_type":0,"_cutDirection":1},{"_time":183,"_lineIndex":2,"_lineLayer":0,"_type":0,"_cutDirection":1},{"_time":184,"_lineIndex":2,"_lineLayer":0,"_type":0,"_cutDirection":1},{"_time":185,"_lineIndex":1,"_lineLayer":0,"_type":0,"_cutDirection":1},{"_time":186,"_lineIndex":2,"_lineLayer":0,"_type":0,"_cutDirection":1},{"_time":186,"_lineIndex":1,"_lineLayer":0,"_type":0,"_cutDirection":1},{"_time":187,"_lineIndex":2,"_lineLayer":0,"_type":0,"_cutDirection":1},{"_time":188,"_lineIndex":1,"_lineLayer":0,"_type":0,"_cutDirection":1},{"_time":189,"_lineIndex":2,"_lineLayer":0,"_type":0,"_cutDirection":1},{"_time":190,"_lineIndex":2,"_lineLayer":0,"_type":0,"_cutDirection":1},{"_time":190,"_lineIndex":1,"_lineLayer":0,"_type":0,"_cutDirection":1},{"_time":191,"_lineIndex":1,"_lineLayer":0,"_type":0,"_cutDirection":1},{"_time":192,"_lineIndex":2,"_lineLayer":0,"_type":0,"_cutDirection":1},{"_time":193,"_lineIndex":2,"_lineLayer":0,"_type":0,"_cutDirection":1},{"_time":193,"_lineIndex":1,"_lineLayer":0,"_type":0,"_cutDirection":1},{"_time":194,"_lineIndex":1,"_lineLayer":0,"_type":0,"_cutDirection":1},{"_time":195,"_lineIndex":2,"_lineLayer":0,"_type":0,"_cutDirection":1},{"_time":196,"_lineIndex":2,"_lineLayer":0,"_type":0,"_cutDirection":1},{"_time":197,"_lineIndex":1,"_lineLayer":0,"_type":0,"_cutDirection":1},{"_time":198,"_lineIndex":2,"_lineLayer":0,"_type":0,"_cutDirection":1},{"_time":199,"_lineIndex":1,"_lineLayer":0,"_type":0,"_cutDirection":1},{"_time":200,"_lineIndex":1,"_lineLayer":0,"_type":0,"_cutDirection":1},{"_time":201,"_lineIndex":1,"_lineLayer":0,"_type":0,"_cutDirection":1},{"_time":201,"_lineIndex":2,"_lineLayer":0,"_type":0,"_cutDirection":1},{"_time":202,"_lineIndex":1,"_lineLayer":0,"_type":0,"_cutDirection":1},{"_time":203,"_lineIndex":2,"_lineLayer":0,"_type":0,"_cutDirection":1},{"_time":204,"_lineIndex":1,"_lineLayer":0,"_type":0,"_cutDirection":1},{"_time":205,"_lineIndex":2,"_lineLayer":0,"_type":0,"_cutDirection":1},{"_time":206,"_lineIndex":1,"_lineLayer":0,"_type":0,"_cutDirection":1},{"_time":207,"_lineIndex":2,"_lineLayer":0,"_type":0,"_cutDirection":1},{"_time":208,"_lineIndex":1,"_lineLayer":0,"_type":0,"_cutDirection":1},{"_time":208,"_lineIndex":2,"_lineLayer":0,"_type":0,"_cutDirection":1},{"_time":209,"_lineIndex":1,"_lineLayer":0,"_type":0,"_cutDirection":1},{"_time":214,"_lineIndex":1,"_lineLayer":0,"_type":0,"_cutDirection":1},{"_time":215,"_lineIndex":2,"_lineLayer":2,"_type":0,"_cutDirection":1},{"_time":217,"_lineIndex":2,"_lineLayer":0,"_type":1,"_cutDirection":1},{"_time":221,"_lineIndex":2,"_lineLayer":0,"_type":1,"_cutDirection":1},{"_time":224,"_lineIndex":1,"_lineLayer":0,"_type":1,"_cutDirection":1},{"_time":225,"_lineIndex":3,"_lineLayer":0,"_type":1,"_cutDirection":1},{"_time":227,"_lineIndex":1,"_lineLayer":0,"_type":1,"_cutDirection":1},{"_time":228,"_lineIndex":2,"_lineLayer":0,"_type":1,"_cutDirection":1},{"_time":229,"_lineIndex":1,"_lineLayer":0,"_type":1,"_cutDirection":1},{"_time":230,"_lineIndex":2,"_lineLayer":0,"_type":0,"_cutDirection":1},{"_time":231,"_lineIndex":2,"_lineLayer":0,"_type":0,"_cutDirection":1},{"_time":231,"_lineIndex":1,"_lineLayer":0,"_type":0,"_cutDirection":1},{"_time":232,"_lineIndex":2,"_lineLayer":0,"_type":0,"_cutDirection":1},{"_time":233,"_lineIndex":1,"_lineLayer":0,"_type":0,"_cutDirection":1},{"_time":234,"_lineIndex":2,"_lineLayer":0,"_type":0,"_cutDirection":1},{"_time":235,"_lineIndex":1,"_lineLayer":0,"_type":0,"_cutDirection":1},{"_time":236,"_lineIndex":2,"_lineLayer":0,"_type":0,"_cutDirection":1},{"_time":237,"_lineIndex":1,"_lineLayer":0,"_type":0,"_cutDirection":1},{"_time":237,"_lineIndex":2,"_lineLayer":0,"_type":0,"_cutDirection":1},{"_time":238,"_lineIndex":2,"_lineLayer":0,"_type":0,"_cutDirection":1},{"_time":239,"_lineIndex":1,"_lineLayer":0,"_type":0,"_cutDirection":1},{"_time":241,"_lineIndex":1,"_lineLayer":0,"_type":0,"_cutDirection":1},{"_time":242,"_lineIndex":2,"_lineLayer":0,"_type":0,"_cutDirection":1},{"_time":243,"_lineIndex":1,"_lineLayer":0,"_type":0,"_cutDirection":1},{"_time":244,"_lineIndex":2,"_lineLayer":0,"_type":0,"_cutDirection":1},{"_time":245,"_lineIndex":2,"_lineLayer":0,"_type":0,"_cutDirection":1},{"_time":246,"_lineIndex":2,"_lineLayer":0,"_type":0,"_cutDirection":1},{"_time":246,"_lineIndex":1,"_lineLayer":0,"_type":0,"_cutDirection":1},{"_time":248,"_lineIndex":1,"_lineLayer":0,"_type":0,"_cutDirection":1},{"_time":249,"_lineIndex":1,"_lineLayer":0,"_type":0,"_cutDirection":1},{"_time":250,"_lineIndex":2,"_lineLayer":0,"_type":0,"_cutDirection":1},{"_time":251,"_lineIndex":1,"_lineLayer":0,"_type":0,"_cutDirection":1},{"_time":253,"_lineIndex":2,"_lineLayer":0,"_type":0,"_cutDirection":1},{"_time":254,"_lineIndex":1,"_lineLayer":0,"_type":0,"_cutDirection":1},{"_time":256,"_lineIndex":2,"_lineLayer":0,"_type":0,"_cutDirection":1},{"_time":258,"_lineIndex":1,"_lineLayer":0,"_type":0,"_cutDirection":1},{"_time":260,"_lineIndex":2,"_lineLayer":0,"_type":0,"_cutDirection":1},{"_time":261,"_lineIndex":1,"_lineLayer":0,"_type":0,"_cutDirection":1},{"_time":263,"_lineIndex":2,"_lineLayer":0,"_type":0,"_cutDirection":1},{"_time":265,"_lineIndex":0,"_lineLayer":0,"_type":0,"_cutDirection":1},{"_time":267,"_lineIndex":2,"_lineLayer":0,"_type":0,"_cutDirection":1},{"_time":268,"_lineIndex":3,"_lineLayer":0,"_type":0,"_cutDirection":1},{"_time":270,"_lineIndex":1,"_lineLayer":0,"_type":0,"_cutDirection":1},{"_time":272,"_lineIndex":2,"_lineLayer":1,"_type":0,"_cutDirection":1},{"_time":274,"_lineIndex":1,"_lineLayer":1,"_type":0,"_cutDirection":1},{"_time":275,"_lineIndex":0,"_lineLayer":0,"_type":0,"_cutDirection":1},{"_time":277,"_lineIndex":2,"_lineLayer":0,"_type":0,"_cutDirection":1},{"_time":279,"_lineIndex":1,"_lineLayer":0,"_type":0,"_cutDirection":1}],"_obstacles":[{"_time":3,"_lineIndex":2,"_type":1,"_duration":1,"_width":1},{"_time":3,"_lineIndex":0,"_type":0,"_duration":1,"_width":1},{"_time":3,"_lineIndex":0,"_type":1,"_duration":1,"_width":2},{"_time":3,"_lineIndex":3,"_type":0,"_duration":1,"_width":1},{"_time":4,"_lineIndex":3,"_type":0,"_duration":1,"_width":1},{"_time":4,"_lineIndex":0,"_type":0,"_duration":1,"_width":1},{"_time":5,"_lineIndex":0,"_type":0,"_duration":1,"_width":1},{"_time":5,"_lineIndex":0,"_type":0,"_duration":1,"_width":1},{"_time":5,"_lineIndex":3,"_type":0,"_duration":1,"_width":1},{"_time":6,"_lineIndex":0,"_type":0,"_duration":1,"_width":1},{"_time":6,"_lineIndex":0,"_type":0,"_duration":1,"_width":1},{"_time":6,"_lineIndex":3,"_type":0,"_duration":1,"_width":1},{"_time":8,"_lineIndex":0,"_type":0,"_duration":1,"_width":1},{"_time":8,"_lineIndex":3,"_type":0,"_duration":1,"_width":1},{"_time":9,"_lineIndex":0,"_type":0,"_duration":1,"_width":1},{"_time":10,"_lineIndex":3,"_type":0,"_duration":1,"_width":1},{"_time":28,"_lineIndex":0,"_type":0,"_duration":1,"_width":1},{"_time":28,"_lineIndex":3,"_type":0,"_duration":1,"_width":1},{"_time":28,"_lineIndex":1,"_type":1,"_duration":1,"_width":2},{"_time":32,"_lineIndex":0,"_type":1,"_duration":1,"_width":3},{"_time":32,"_lineIndex":3,"_type":0,"_duration":1,"_width":1},{"_time":32,"_lineIndex":0,"_type":0,"_duration":1,"_width":1}]}