{"_version":"1.5.0","_beatsPerMinute":105.08533477783203,"_beatsPerBar":16,"_noteJumpSpeed":10,"_shuffle":0,"_shufflePeriod":0.5,"_events":[{"_time":23,"_type":4,"_value":0},{"_time":32,"_type":0,"_value":0}],"_notes":[{"_time":0,"_lineIndex":0,"_lineLayer":0,"_type":0,"_cutDirection":6},{"_time":0,"_lineIndex":3,"_lineLayer":0,"_type":0,"_cutDirection":7},{"_time":12,"_lineIndex":0,"_lineLayer":0,"_type":1,"_cutDirection":6},{"_time":12,"_lineIndex":3,"_lineLayer":0,"_type":1,"_cutDirection":7},{"_time":18,"_lineIndex":2,"_lineLayer":0,"_type":0,"_cutDirection":8},{"_time":18,"_lineIndex":1,"_lineLayer":0,"_type":0,"_cutDirection":8},{"_time":18,"_lineIndex":3,"_lineLayer":0,"_type":1,"_cutDirection":7},{"_time":18,"_lineIndex":0,"_lineLayer":0,"_type":1,"_cutDirection":6},{"_time":18,"_lineIndex":1,"_lineLayer":1,"_type":0,"_cutDirection":8},{"_time":18,"_lineIndex":2,"_lineLayer":1,"_type":0,"_cutDirection":8},{"_time":25,"_lineIndex":3,"_lineLayer":2,"_type":1,"_cutDirection":5},{"_time":25,"_lineIndex":0,"_lineLayer":2,"_type":1,"_cutDirection":4},{"_time":27,"_lineIndex":3,"_lineLayer":0,"_type":1,"_cutDirection":3},{"_time":27,"_lineIndex":3,"_lineLayer":1,"_type":0,"_cutDirection":3},{"_time":27,"_lineIndex":0,"_lineLayer":0,"_type":0,"_cutDirection":2},{"_time":27,"_lineIndex":0,"_lineLayer":1,"_type":1,"_cutDirection":2},{"_time":30,"_lineIndex":3,"_lineLayer":0,"_type":0,"_cutDirection":7},{"_time":30,"_lineIndex":0,"_lineLayer":0,"_type":0,"_cutDirection":6},{"_time":31,"_lineIndex":3,"_lineLayer":0,"_type":1,"_cutDirection":7},{"_time":31,"_lineIndex":0,"_lineLayer":0,"_type":1,"_cutDirection":6},{"_time":32,"_lineIndex":0,"_lineLayer":0,"_type":3,"_cutDirection":7},{"_time":32,"_lineIndex":3,"_lineLayer":0,"_type":3,"_cutDirection":7},{"_time":33,"_lineIndex":3,"_lineLayer":0,"_type":3,"_cutDirection":3},{"_time":33,"_lineIndex":0,"_lineLayer":0,"_type":3,"_cutDirection":1},{"_time":34,"_lineIndex":0,"_lineLayer":0,"_type":1,"_cutDirection":6},{"_time":34,"_lineIndex":3,"_lineLayer":0,"_type":1,"_cutDirection":7},{"_time":35,"_lineIndex":0,"_lineLayer":1,"_type":0,"_cutDirection":8},{"_time":35,"_lineIndex":3,"_lineLayer":1,"_type":0,"_cutDirection":8},{"_time":37,"_lineIndex":1,"_lineLayer":0,"_type":1,"_cutDirection":0},{"_time":37,"_lineIndex":2,"_lineLayer":0,"_type":0,"_cutDirection":0},{"_time":39,"_lineIndex":0,"_lineLayer":0,"_type":1,"_cutDirection":6},{"_time":39,"_lineIndex":3,"_lineLayer":0,"_type":1,"_cutDirection":7},{"_time":41,"_lineIndex":0,"_lineLayer":2,"_type":0,"_cutDirection":4},{"_time":41,"_lineIndex":2,"_lineLayer":0,"_type":0,"_cutDirection":1},{"_time":41,"_lineIndex":1,"_lineLayer":0,"_type":1,"_cutDirection":1},{"_time":41,"_lineIndex":3,"_lineLayer":2,"_type":0,"_cutDirection":5},{"_time":42,"_lineIndex":1,"_lineLayer":2,"_type":1,"_cutDirection":0},{"_time":42,"_lineIndex":2,"_lineLayer":2,"_type":0,"_cutDirection":0},{"_time":44,"_lineIndex":3,"_lineLayer":0,"_type":1,"_cutDirection":0},{"_time":44,"_lineIndex":0,"_lineLayer":0,"_type":0,"_cutDirection":0},{"_time":46,"_lineIndex":2,"_lineLayer":2,"_type":0,"_cutDirection":0}],"_obstacles":[{"_time":3,"_lineIndex":0,"_type":0,"_duration":1,"_width":1},{"_time":3,"_lineIndex":2,"_type":1,"_duration":1,"_width":1},{"_time":3,"_lineIndex":3,"_type":0,"_duration":1,"_width":1},{"_time":3,"_lineIndex":0,"_type":1,"_duration":1,"_width":2},{"_time":4,"_lineIndex":0,"_type":0,"_duration":1,"_width":1},{"_time":4,"_lineIndex":3,"_type":0,"_duration":1,"_width":1},{"_time":5,"_lineIndex":0,"_type":0,"_duration":1,"_width":1},{"_time":5,"_lineIndex":3,"_type":0,"_duration":1,"_width":1},{"_time":5,"_lineIndex":0,"_type":0,"_duration":1,"_width":1},{"_time":6,"_lineIndex":0,"_type":0,"_duration":1,"_width":1},{"_time":6,"_lineIndex":3,"_type":0,"_duration":1,"_width":1},{"_time":6,"_lineIndex":0,"_type":0,"_duration":1,"_width":1},{"_time":8,"_lineIndex":3,"_type":0,"_duration":1,"_width":1},{"_time":8,"_lineIndex":0,"_type":0,"_duration":1,"_width":1},{"_time":9,"_lineIndex":0,"_type":0,"_duration":1,"_width":1},{"_time":10,"_lineIndex":3,"_type":0,"_duration":1,"_width":1},{"_time":28,"_lineIndex":1,"_type":1,"_duration":1,"_width":2},{"_time":28,"_lineIndex":3,"_type":0,"_duration":1,"_width":1},{"_time":28,"_lineIndex":0,"_type":0,"_duration":1,"_width":1},{"_time":32,"_lineIndex":1,"_type":1,"_duration":1,"_width":2},{"_time":32,"_lineIndex":0,"_type":0,"_duration":1,"_width":1},{"_time":32,"_lineIndex":3,"_type":0,"_duration":1,"_width":1}]}